,PersonId,Start_time,End_time,Total_time
0,95d5cdef-3860-4bf7-b6fa-059555bb4cbe,0 days 00:01:12.488333000,0 days 00:01:16.910000000,0 days 00:00:04.421667000
1,95d5cdef-3860-4bf7-b6fa-059555bb4cbe,0 days 00:01:30.756666000,0 days 00:01:31.965000000,0 days 00:00:01.208334000
2,95d5cdef-3860-4bf7-b6fa-059555bb4cbe,0 days 00:01:44.855000000,0 days 00:01:45.438333000,0 days 00:00:00.583333000
3,95d5cdef-3860-4bf7-b6fa-059555bb4cbe,0 days 00:02:20.723333000,0 days 00:02:38.781666000,0 days 00:00:18.058333000
4,95d5cdef-3860-4bf7-b6fa-059555bb4cbe,0 days 00:02:49.336666000,0 days 00:03:02.640000000,0 days 00:00:13.303334000
5,95d5cdef-3860-4bf7-b6fa-059555bb4cbe,0 days 00:03:13.776666000,0 days 00:03:27.540000000,0 days 00:00:13.763334000
6,95d5cdef-3860-4bf7-b6fa-059555bb4cbe,0 days 00:03:48.311666000,0 days 00:04:11.208333000,0 days 00:00:22.896667000
7,95d5cdef-3860-4bf7-b6fa-059555bb4cbe,0 days 00:04:32.521666000,0 days 00:04:33.688333000,0 days 00:00:01.166667000
8,95d5cdef-3860-4bf7-b6fa-059555bb4cbe,0 days 00:04:56.796666000,0 days 00:05:17.565000000,0 days 00:00:20.768334000
9,95d5cdef-3860-4bf7-b6fa-059555bb4cbe,0 days 00:05:28.245000000,0 days 00:05:47.180000000,0 days 00:00:18.935000000
10,95d5cdef-3860-4bf7-b6fa-059555bb4cbe,0 days 00:06:30.890000000,0 days 00:06:32.931666000,0 days 00:00:02.041666000
11,95d5cdef-3860-4bf7-b6fa-059555bb4cbe,0 days 00:06:46.028333000,0 days 00:06:48.156666000,0 days 00:00:02.128333000
12,95d5cdef-3860-4bf7-b6fa-059555bb4cbe,0 days 00:06:59.670000000,0 days 00:07:13.848333000,0 days 00:00:14.178333000
13,95d5cdef-3860-4bf7-b6fa-059555bb4cbe,0 days 00:07:29.823333000,0 days 00:07:57.393333000,0 days 00:00:27.570000000
14,95d5cdef-3860-4bf7-b6fa-059555bb4cbe,0 days 00:08:12.908333000,0 days 00:08:14.116666000,0 days 00:00:01.208333000
15,95d5cdef-3860-4bf7-b6fa-059555bb4cbe,0 days 00:08:29.258333000,0 days 00:08:35.890000000,0 days 00:00:06.631667000
16,95d5cdef-3860-4bf7-b6fa-059555bb4cbe,0 days 00:08:45.941666000,0 days 00:09:06.836666000,0 days 00:00:20.895000000
17,95d5cdef-3860-4bf7-b6fa-059555bb4cbe,0 days 00:09:34.865000000,0 days 00:09:49.461666000,0 days 00:00:14.596666000
18,95d5cdef-3860-4bf7-b6fa-059555bb4cbe,0 days 00:10:30.546666000,0 days 00:10:30.921666000,0 days 00:00:00.375000000
19,95d5cdef-3860-4bf7-b6fa-059555bb4cbe,0 days 00:11:22.765000000,0 days 00:11:23.515000000,0 days 00:00:00.750000000
20,95d5cdef-3860-4bf7-b6fa-059555bb4cbe,0 days 00:11:41.575000000,0 days 00:11:42.325000000,0 days 00:00:00.750000000
21,95d5cdef-3860-4bf7-b6fa-059555bb4cbe,0 days 00:11:57.966666000,0 days 00:11:58.841666000,0 days 00:00:00.875000000
22,95d5cdef-3860-4bf7-b6fa-059555bb4cbe,0 days 00:21:53.645000000,0 days 00:22:22.005000000,0 days 00:00:28.360000000
23,95d5cdef-3860-4bf7-b6fa-059555bb4cbe,0 days 00:22:52.411666000,0 days 00:23:41.376666000,0 days 00:00:48.965000000
24,95d5cdef-3860-4bf7-b6fa-059555bb4cbe,0 days 00:24:08.030000000,0 days 00:24:30.551666000,0 days 00:00:22.521666000
25,95d5cdef-3860-4bf7-b6fa-059555bb4cbe,0 days 00:26:08.316666000,0 days 00:27:10.961666000,0 days 00:01:02.645000000
26,95d5cdef-3860-4bf7-b6fa-059555bb4cbe,0 days 00:27:28.186666000,0 days 00:27:40.448333000,0 days 00:00:12.261667000
27,95d5cdef-3860-4bf7-b6fa-059555bb4cbe,0 days 00:27:53.255000000,0 days 00:27:56.173333000,0 days 00:00:02.918333000
28,95d5cdef-3860-4bf7-b6fa-059555bb4cbe,0 days 00:28:21.740000000,0 days 00:28:23.158333000,0 days 00:00:01.418333000
29,95d5cdef-3860-4bf7-b6fa-059555bb4cbe,0 days 00:28:42.136666000,0 days 00:28:48.393333000,0 days 00:00:06.256667000
30,95d5cdef-3860-4bf7-b6fa-059555bb4cbe,0 days 00:28:59.655000000,0 days 00:29:21.843333000,0 days 00:00:22.188333000
31,95d5cdef-3860-4bf7-b6fa-059555bb4cbe,0 days 00:29:50.121666000,0 days 00:29:58.838333000,0 days 00:00:08.716667000
32,95d5cdef-3860-4bf7-b6fa-059555bb4cbe,0 days 00:30:12.685000000,0 days 00:30:41.338333000,0 days 00:00:28.653333000
33,95d5cdef-3860-4bf7-b6fa-059555bb4cbe,0 days 00:30:51.516666000,0 days 00:31:03.903333000,0 days 00:00:12.386667000
34,95d5cdef-3860-4bf7-b6fa-059555bb4cbe,0 days 00:31:25.923333000,0 days 00:31:32.765000000,0 days 00:00:06.841667000
35,95d5cdef-3860-4bf7-b6fa-059555bb4cbe,0 days 00:31:44.025000000,0 days 00:32:23.983333000,0 days 00:00:39.958333000
36,95d5cdef-3860-4bf7-b6fa-059555bb4cbe,0 days 00:32:54.723333000,0 days 00:33:06.775000000,0 days 00:00:12.051667000
37,95d5cdef-3860-4bf7-b6fa-059555bb4cbe,0 days 00:33:18.496666000,0 days 00:33:26.630000000,0 days 00:00:08.133334000
38,95d5cdef-3860-4bf7-b6fa-059555bb4cbe,0 days 00:33:49.443333000,0 days 00:35:04.141666000,0 days 00:01:14.698333000
39,95d5cdef-3860-4bf7-b6fa-059555bb4cbe,0 days 00:35:26.498333000,0 days 00:36:22.805000000,0 days 00:00:56.306667000
40,95d5cdef-3860-4bf7-b6fa-059555bb4cbe,0 days 00:36:46.370000000,0 days 00:36:55.420000000,0 days 00:00:09.050000000
41,95d5cdef-3860-4bf7-b6fa-059555bb4cbe,0 days 00:37:07.725000000,0 days 00:37:25.910000000,0 days 00:00:18.185000000
42,95d5cdef-3860-4bf7-b6fa-059555bb4cbe,0 days 00:37:39.881666000,0 days 00:38:18.670000000,0 days 00:00:38.788334000
43,95d5cdef-3860-4bf7-b6fa-059555bb4cbe,0 days 00:38:41.068333000,0 days 00:41:25.441666000,0 days 00:02:44.373333000
44,95d5cdef-3860-4bf7-b6fa-059555bb4cbe,0 days 00:42:17.285000000,0 days 00:43:04.248333000,0 days 00:00:46.963333000
45,95d5cdef-3860-4bf7-b6fa-059555bb4cbe,0 days 00:43:19.346666000,0 days 00:43:20.971666000,0 days 00:00:01.625000000
46,95d5cdef-3860-4bf7-b6fa-059555bb4cbe,0 days 00:44:36.006666000,0 days 00:45:09.540000000,0 days 00:00:33.533334000
47,95d5cdef-3860-4bf7-b6fa-059555bb4cbe,0 days 00:47:32.640000000,0 days 00:47:33.391666000,0 days 00:00:00.751666000
48,95d5cdef-3860-4bf7-b6fa-059555bb4cbe,0 days 00:47:58.876666000,0 days 00:48:13.598333000,0 days 00:00:14.721667000
49,95d5cdef-3860-4bf7-b6fa-059555bb4cbe,0 days 00:49:49.820000000,0 days 00:49:56.283333000,0 days 00:00:06.463333000
50,95d5cdef-3860-4bf7-b6fa-059555bb4cbe,0 days 00:52:01.951666000,0 days 00:52:32.273333000,0 days 00:00:30.321667000
51,95d5cdef-3860-4bf7-b6fa-059555bb4cbe,0 days 00:52:43.200000000,0 days 00:52:47.455000000,0 days 00:00:04.255000000
52,95d5cdef-3860-4bf7-b6fa-059555bb4cbe,0 days 00:53:03.596666000,0 days 00:53:18.151666000,0 days 00:00:14.555000000
53,95d5cdef-3860-4bf7-b6fa-059555bb4cbe,0 days 00:53:46.473333000,0 days 00:53:50.308333000,0 days 00:00:03.835000000
54,95d5cdef-3860-4bf7-b6fa-059555bb4cbe,0 days 00:54:41.235000000,0 days 00:54:49.995000000,0 days 00:00:08.760000000
55,95d5cdef-3860-4bf7-b6fa-059555bb4cbe,0 days 00:55:05.886666000,0 days 00:55:09.680000000,0 days 00:00:03.793334000
56,95d5cdef-3860-4bf7-b6fa-059555bb4cbe,0 days 00:55:20.316666000,0 days 00:55:23.568333000,0 days 00:00:03.251667000
57,95d5cdef-3860-4bf7-b6fa-059555bb4cbe,0 days 00:55:39.336666000,0 days 00:55:40.336666000,0 days 00:00:01.000000000
58,95d5cdef-3860-4bf7-b6fa-059555bb4cbe,0 days 00:56:18.208333000,0 days 00:56:26.591666000,0 days 00:00:08.383333000
59,95d5cdef-3860-4bf7-b6fa-059555bb4cbe,0 days 00:56:48.988333000,0 days 00:56:54.076666000,0 days 00:00:05.088333000
60,95d5cdef-3860-4bf7-b6fa-059555bb4cbe,0 days 00:57:06.630000000,0 days 00:57:17.431666000,0 days 00:00:10.801666000
61,95d5cdef-3860-4bf7-b6fa-059555bb4cbe,0 days 00:57:30.530000000,0 days 00:58:05.771666000,0 days 00:00:35.241666000
62,95d5cdef-3860-4bf7-b6fa-059555bb4cbe,0 days 00:58:19.580000000,0 days 00:58:27.711666000,0 days 00:00:08.131666000
63,95d5cdef-3860-4bf7-b6fa-059555bb4cbe,0 days 00:59:01.328333000,0 days 00:01:12.983333000,-1 days +23:02:11.655000000
64,95d5cdef-3860-4bf7-b6fa-059555bb4cbe,0 days 00:01:24.495000000,0 days 00:01:33.378333000,0 days 00:00:08.883333000
65,95d5cdef-3860-4bf7-b6fa-059555bb4cbe,0 days 00:01:49.101666000,0 days 01:02:51.183333000,0 days 01:01:02.081667000
66,95d5cdef-3860-4bf7-b6fa-059555bb4cbe,0 days 01:03:06.321666000,0 days 01:03:15.581666000,0 days 00:00:09.260000000
67,95d5cdef-3860-4bf7-b6fa-059555bb4cbe,0 days 01:03:32.348333000,0 days 01:04:05.215000000,0 days 00:00:32.866667000
68,95d5cdef-3860-4bf7-b6fa-059555bb4cbe,0 days 01:04:32.951666000,0 days 01:05:12.740000000,0 days 00:00:39.788334000
69,95d5cdef-3860-4bf7-b6fa-059555bb4cbe,0 days 01:06:29.943333000,0 days 01:06:46.751666000,0 days 00:00:16.808333000
70,95d5cdef-3860-4bf7-b6fa-059555bb4cbe,0 days 01:07:15.738333000,0 days 01:07:19.410000000,0 days 00:00:03.671667000
71,95d5cdef-3860-4bf7-b6fa-059555bb4cbe,0 days 01:09:43.930000000,0 days 01:10:26.340000000,0 days 00:00:42.410000000
72,95d5cdef-3860-4bf7-b6fa-059555bb4cbe,0 days 01:10:36.733333000,0 days 01:10:38.520000000,0 days 00:00:01.786667000
73,95d5cdef-3860-4bf7-b6fa-059555bb4cbe,0 days 01:12:19.208333000,0 days 01:13:31.323333000,0 days 00:01:12.115000000
74,95d5cdef-3860-4bf7-b6fa-059555bb4cbe,0 days 01:13:41.666666000,0 days 01:13:45.900000000,0 days 00:00:04.233334000
75,95d5cdef-3860-4bf7-b6fa-059555bb4cbe,0 days 01:13:56.800000000,0 days 01:14:17.411666000,0 days 00:00:20.611666000
76,95d5cdef-3860-4bf7-b6fa-059555bb4cbe,0 days 01:14:28.750000000,0 days 01:14:41.183333000,0 days 00:00:12.433333000
77,95d5cdef-3860-4bf7-b6fa-059555bb4cbe,0 days 01:14:58.116666000,0 days 01:15:23.300000000,0 days 00:00:25.183334000
78,95d5cdef-3860-4bf7-b6fa-059555bb4cbe,0 days 01:15:34.863333000,0 days 01:15:41.786666000,0 days 00:00:06.923333000
79,95d5cdef-3860-4bf7-b6fa-059555bb4cbe,0 days 01:16:15.526666000,0 days 01:17:05.661666000,0 days 00:00:50.135000000
80,95d5cdef-3860-4bf7-b6fa-059555bb4cbe,0 days 01:19:10.490000000,0 days 01:20:26.028333000,0 days 00:01:15.538333000
81,95d5cdef-3860-4bf7-b6fa-059555bb4cbe,0 days 01:20:43.290000000,0 days 01:20:48.968333000,0 days 00:00:05.678333000
82,95d5cdef-3860-4bf7-b6fa-059555bb4cbe,0 days 01:21:39.268333000,0 days 01:21:39.518333000,0 days 00:00:00.250000000
83,95d5cdef-3860-4bf7-b6fa-059555bb4cbe,0 days 01:21:50.238333000,0 days 01:21:52.610000000,0 days 00:00:02.371667000
84,95d5cdef-3860-4bf7-b6fa-059555bb4cbe,0 days 01:22:44.626666000,0 days 01:22:46.878333000,0 days 00:00:02.251667000
85,95d5cdef-3860-4bf7-b6fa-059555bb4cbe,0 days 01:24:28.186666000,0 days 01:24:28.688333000,0 days 00:00:00.501667000
86,95d5cdef-3860-4bf7-b6fa-059555bb4cbe,0 days 01:24:55.300000000,0 days 01:24:58.000000000,0 days 00:00:02.700000000
87,95d5cdef-3860-4bf7-b6fa-059555bb4cbe,0 days 01:25:27.121666000,0 days 01:25:48.976666000,0 days 00:00:21.855000000
88,95d5cdef-3860-4bf7-b6fa-059555bb4cbe,0 days 01:26:06.701666000,0 days 01:26:11.410000000,0 days 00:00:04.708334000
89,95d5cdef-3860-4bf7-b6fa-059555bb4cbe,0 days 01:26:30.308333000,0 days 01:26:37.066666000,0 days 00:00:06.758333000
90,95d5cdef-3860-4bf7-b6fa-059555bb4cbe,0 days 01:27:06.971666000,0 days 01:27:13.300000000,0 days 00:00:06.328334000
91,95d5cdef-3860-4bf7-b6fa-059555bb4cbe,0 days 01:28:26.130000000,0 days 01:28:48.906666000,0 days 00:00:22.776666000
92,95d5cdef-3860-4bf7-b6fa-059555bb4cbe,0 days 01:29:02.921666000,0 days 01:29:14.848333000,0 days 00:00:11.926667000
93,95d5cdef-3860-4bf7-b6fa-059555bb4cbe,0 days 01:29:56.056666000,0 days 01:30:14.400000000,0 days 00:00:18.343334000
94,95d5cdef-3860-4bf7-b6fa-059555bb4cbe,0 days 01:30:30.508333000,0 days 01:31:05.668333000,0 days 00:00:35.160000000
95,95d5cdef-3860-4bf7-b6fa-059555bb4cbe,0 days 01:31:18.723333000,0 days 01:31:23.601666000,0 days 00:00:04.878333000
96,95d5cdef-3860-4bf7-b6fa-059555bb4cbe,0 days 01:31:36.320000000,0 days 01:31:38.951666000,0 days 00:00:02.631666000
97,95d5cdef-3860-4bf7-b6fa-059555bb4cbe,0 days 01:32:00.138333000,0 days 01:32:43.848333000,0 days 00:00:43.710000000
98,95d5cdef-3860-4bf7-b6fa-059555bb4cbe,0 days 01:32:58.400000000,0 days 01:33:18.000000000,0 days 00:00:19.600000000
99,95d5cdef-3860-4bf7-b6fa-059555bb4cbe,0 days 01:33:28.143333000,0 days 01:34:11.000000000,0 days 00:00:42.856667000
100,95d5cdef-3860-4bf7-b6fa-059555bb4cbe,0 days 01:34:24.900000000,0 days 01:34:44.678333000,0 days 00:00:19.778333000
101,95d5cdef-3860-4bf7-b6fa-059555bb4cbe,0 days 01:35:05.950000000,0 days 01:36:42.503333000,0 days 00:01:36.553333000
102,95d5cdef-3860-4bf7-b6fa-059555bb4cbe,0 days 01:37:48.696666000,0 days 01:37:52.360000000,0 days 00:00:03.663334000
103,95d5cdef-3860-4bf7-b6fa-059555bb4cbe,0 days 01:38:37.328333000,0 days 01:38:40.496666000,0 days 00:00:03.168333000
104,95d5cdef-3860-4bf7-b6fa-059555bb4cbe,0 days 01:39:58.900000000,0 days 01:40:06.620000000,0 days 00:00:07.720000000
105,95d5cdef-3860-4bf7-b6fa-059555bb4cbe,0 days 01:40:19.263333000,0 days 01:40:20.550000000,0 days 00:00:01.286667000
106,95d5cdef-3860-4bf7-b6fa-059555bb4cbe,0 days 01:40:31.231666000,0 days 01:40:44.911666000,0 days 00:00:13.680000000
107,95d5cdef-3860-4bf7-b6fa-059555bb4cbe,0 days 01:40:55.048333000,0 days 01:40:55.300000000,0 days 00:00:00.251667000
108,95d5cdef-3860-4bf7-b6fa-059555bb4cbe,0 days 01:41:06.890000000,0 days 01:41:52.900000000,0 days 00:00:46.010000000
109,95d5cdef-3860-4bf7-b6fa-059555bb4cbe,0 days 01:42:10.748333000,0 days 01:42:22.551666000,0 days 00:00:11.803333000
110,95d5cdef-3860-4bf7-b6fa-059555bb4cbe,0 days 01:42:33.563333000,0 days 01:42:44.616666000,0 days 00:00:11.053333000
111,95d5cdef-3860-4bf7-b6fa-059555bb4cbe,0 days 01:43:00.006666000,0 days 01:43:42.256666000,0 days 00:00:42.250000000
112,95d5cdef-3860-4bf7-b6fa-059555bb4cbe,0 days 01:43:53.728333000,0 days 01:43:55.850000000,0 days 00:00:02.121667000
113,95d5cdef-3860-4bf7-b6fa-059555bb4cbe,0 days 01:44:39.023333000,0 days 01:44:49.200000000,0 days 00:00:10.176667000
114,95d5cdef-3860-4bf7-b6fa-059555bb4cbe,0 days 01:46:02.230000000,0 days 01:46:04.060000000,0 days 00:00:01.830000000
115,95d5cdef-3860-4bf7-b6fa-059555bb4cbe,0 days 01:46:14.951666000,0 days 01:46:22.791666000,0 days 00:00:07.840000000
116,95d5cdef-3860-4bf7-b6fa-059555bb4cbe,0 days 01:46:58.953333000,0 days 01:47:05.250000000,0 days 00:00:06.296667000
117,95d5cdef-3860-4bf7-b6fa-059555bb4cbe,0 days 01:48:39.053333000,0 days 01:48:40.596666000,0 days 00:00:01.543333000
118,95d5cdef-3860-4bf7-b6fa-059555bb4cbe,0 days 01:48:51.941666000,0 days 01:49:02.910000000,0 days 00:00:10.968334000
119,95d5cdef-3860-4bf7-b6fa-059555bb4cbe,0 days 01:49:19.700000000,0 days 01:50:17.193333000,0 days 00:00:57.493333000
120,95d5cdef-3860-4bf7-b6fa-059555bb4cbe,0 days 01:50:35.040000000,0 days 01:50:55.231666000,0 days 00:00:20.191666000
121,95d5cdef-3860-4bf7-b6fa-059555bb4cbe,0 days 01:51:58.961666000,0 days 01:52:17.350000000,0 days 00:00:18.388334000
122,95d5cdef-3860-4bf7-b6fa-059555bb4cbe,0 days 01:53:27.300000000,0 days 01:53:46.526666000,0 days 00:00:19.226666000
123,95d5cdef-3860-4bf7-b6fa-059555bb4cbe,0 days 01:54:25.520000000,0 days 01:54:36.900000000,0 days 00:00:11.380000000
124,95d5cdef-3860-4bf7-b6fa-059555bb4cbe,0 days 01:56:37.156666000,0 days 01:56:46.998333000,0 days 00:00:09.841667000
125,95d5cdef-3860-4bf7-b6fa-059555bb4cbe,0 days 01:57:46.893333000,0 days 01:58:14.080000000,0 days 00:00:27.186667000
126,95d5cdef-3860-4bf7-b6fa-059555bb4cbe,0 days 01:58:29.936666000,0 days 01:58:46.201666000,0 days 00:00:16.265000000
127,95d5cdef-3860-4bf7-b6fa-059555bb4cbe,0 days 01:59:31.410000000,0 days 01:59:37.200000000,0 days 00:00:05.790000000
128,95d5cdef-3860-4bf7-b6fa-059555bb4cbe,0 days 01:59:56.900000000,0 days 01:59:57.400000000,0 days 00:00:00.500000000
129,95d5cdef-3860-4bf7-b6fa-059555bb4cbe,0 days 00:02:16.960000000,0 days 00:02:17.835000000,0 days 00:00:00.875000000
130,95d5cdef-3860-4bf7-b6fa-059555bb4cbe,0 days 00:02:53.996666000,0 days 02:01:01.336666000,0 days 01:58:07.340000000
131,95d5cdef-3860-4bf7-b6fa-059555bb4cbe,0 days 02:01:23.110000000,0 days 02:01:23.401666000,0 days 00:00:00.291666000
132,95d5cdef-3860-4bf7-b6fa-059555bb4cbe,0 days 02:01:39.708333000,0 days 02:01:40.330000000,0 days 00:00:00.621667000
133,95d5cdef-3860-4bf7-b6fa-059555bb4cbe,0 days 02:01:52.638333000,0 days 02:01:54.596666000,0 days 00:00:01.958333000
134,95d5cdef-3860-4bf7-b6fa-059555bb4cbe,0 days 02:03:07.796666000,0 days 02:03:08.505000000,0 days 00:00:00.708334000
135,95d5cdef-3860-4bf7-b6fa-059555bb4cbe,0 days 02:03:35.320000000,0 days 02:03:49.380000000,0 days 00:00:14.060000000
136,95d5cdef-3860-4bf7-b6fa-059555bb4cbe,0 days 02:06:32.251666000,0 days 02:06:36.170000000,0 days 00:00:03.918334000
137,95d5cdef-3860-4bf7-b6fa-059555bb4cbe,0 days 02:07:28.808333000,0 days 02:08:02.925000000,0 days 00:00:34.116667000
138,95d5cdef-3860-4bf7-b6fa-059555bb4cbe,0 days 02:08:17.190000000,0 days 02:08:20.900000000,0 days 00:00:03.710000000
139,95d5cdef-3860-4bf7-b6fa-059555bb4cbe,0 days 02:08:48.971666000,0 days 02:08:50.471666000,0 days 00:00:01.500000000
140,95d5cdef-3860-4bf7-b6fa-059555bb4cbe,0 days 02:09:06.405000000,0 days 02:09:18.958333000,0 days 00:00:12.553333000
141,95d5cdef-3860-4bf7-b6fa-059555bb4cbe,0 days 02:09:34.266666000,0 days 02:09:34.308333000,0 days 00:00:00.041667000
142,95d5cdef-3860-4bf7-b6fa-059555bb4cbe,0 days 02:12:48.400000000,0 days 02:13:46.970000000,0 days 00:00:58.570000000
143,95d5cdef-3860-4bf7-b6fa-059555bb4cbe,0 days 02:13:57.363333000,0 days 02:14:31.600000000,0 days 00:00:34.236667000
144,95d5cdef-3860-4bf7-b6fa-059555bb4cbe,0 days 02:15:10.351666000,0 days 02:17:47.428333000,0 days 00:02:37.076667000
145,1c6d2a07-e193-445a-a89a-8904e1cf78ea,0 days 00:02:43.996666000,0 days 00:02:45.623333000,0 days 00:00:01.626667000
146,1c6d2a07-e193-445a-a89a-8904e1cf78ea,0 days 00:04:26.600000000,0 days 00:04:28.310000000,0 days 00:00:01.710000000
147,1c6d2a07-e193-445a-a89a-8904e1cf78ea,0 days 00:05:03.220000000,0 days 00:05:03.886666000,0 days 00:00:00.666666000
148,1c6d2a07-e193-445a-a89a-8904e1cf78ea,0 days 00:05:55.105000000,0 days 00:05:55.980000000,0 days 00:00:00.875000000
149,1c6d2a07-e193-445a-a89a-8904e1cf78ea,0 days 00:06:49.616666000,0 days 00:06:55.748333000,0 days 00:00:06.131667000
150,1c6d2a07-e193-445a-a89a-8904e1cf78ea,0 days 00:09:43.038333000,0 days 00:09:44.666666000,0 days 00:00:01.628333000
151,1c6d2a07-e193-445a-a89a-8904e1cf78ea,0 days 00:10:53.443333000,0 days 00:10:54.236666000,0 days 00:00:00.793333000
152,1c6d2a07-e193-445a-a89a-8904e1cf78ea,0 days 00:11:28.395000000,0 days 00:11:40.991666000,0 days 00:00:12.596666000
153,1c6d2a07-e193-445a-a89a-8904e1cf78ea,0 days 00:11:54.213333000,0 days 00:12:02.511666000,0 days 00:00:08.298333000
154,1c6d2a07-e193-445a-a89a-8904e1cf78ea,0 days 00:12:20.073333000,0 days 00:12:33.126666000,0 days 00:00:13.053333000
155,1c6d2a07-e193-445a-a89a-8904e1cf78ea,0 days 00:12:43.596666000,0 days 00:12:48.433333000,0 days 00:00:04.836667000
156,1c6d2a07-e193-445a-a89a-8904e1cf78ea,0 days 00:18:04.916666000,0 days 00:18:07.961666000,0 days 00:00:03.045000000
157,1c6d2a07-e193-445a-a89a-8904e1cf78ea,0 days 00:18:47.126666000,0 days 00:19:12.025000000,0 days 00:00:24.898334000
158,1c6d2a07-e193-445a-a89a-8904e1cf78ea,0 days 00:19:25.415000000,0 days 00:19:58.613333000,0 days 00:00:33.198333000
159,1c6d2a07-e193-445a-a89a-8904e1cf78ea,0 days 00:20:09.625000000,0 days 00:20:35.651666000,0 days 00:00:26.026666000
160,1c6d2a07-e193-445a-a89a-8904e1cf78ea,0 days 00:20:47.203333000,0 days 00:21:03.760000000,0 days 00:00:16.556667000
161,1c6d2a07-e193-445a-a89a-8904e1cf78ea,0 days 00:21:15.273333000,0 days 00:21:16.565000000,0 days 00:00:01.291667000
162,1c6d2a07-e193-445a-a89a-8904e1cf78ea,0 days 00:24:47.570000000,0 days 00:24:56.785000000,0 days 00:00:09.215000000
163,1c6d2a07-e193-445a-a89a-8904e1cf78ea,0 days 00:25:33.448333000,0 days 00:25:43.708333000,0 days 00:00:10.260000000
164,1c6d2a07-e193-445a-a89a-8904e1cf78ea,0 days 00:31:59.083333000,0 days 00:32:02.168333000,0 days 00:00:03.085000000
165,1c6d2a07-e193-445a-a89a-8904e1cf78ea,0 days 00:32:14.348333000,0 days 00:32:17.185000000,0 days 00:00:02.836667000
166,1c6d2a07-e193-445a-a89a-8904e1cf78ea,0 days 00:32:29.030000000,0 days 00:32:37.246666000,0 days 00:00:08.216666000
167,1c6d2a07-e193-445a-a89a-8904e1cf78ea,0 days 00:35:14.780000000,0 days 00:35:41.471666000,0 days 00:00:26.691666000
168,1c6d2a07-e193-445a-a89a-8904e1cf78ea,0 days 00:36:22.846666000,0 days 00:36:38.110000000,0 days 00:00:15.263334000
169,1c6d2a07-e193-445a-a89a-8904e1cf78ea,0 days 00:37:07.725000000,0 days 00:38:25.885000000,0 days 00:01:18.160000000
170,1c6d2a07-e193-445a-a89a-8904e1cf78ea,0 days 00:50:54.468333000,0 days 00:51:41.680000000,0 days 00:00:47.211667000
171,1c6d2a07-e193-445a-a89a-8904e1cf78ea,0 days 01:07:12.278333000,0 days 01:07:15.738333000,0 days 00:00:03.460000000
172,1c6d2a07-e193-445a-a89a-8904e1cf78ea,0 days 01:07:28.668333000,0 days 01:07:31.750000000,0 days 00:00:03.081667000
173,1c6d2a07-e193-445a-a89a-8904e1cf78ea,0 days 01:07:45.851666000,0 days 01:07:55.278333000,0 days 00:00:09.426667000
174,1c6d2a07-e193-445a-a89a-8904e1cf78ea,0 days 01:08:05.455000000,0 days 01:08:18.720000000,0 days 00:00:13.265000000
175,1c6d2a07-e193-445a-a89a-8904e1cf78ea,0 days 01:21:12.116666000,0 days 01:21:13.783333000,0 days 00:00:01.666667000
176,1c6d2a07-e193-445a-a89a-8904e1cf78ea,0 days 01:25:24.536666000,0 days 01:26:04.820000000,0 days 00:00:40.283334000
177,1c6d2a07-e193-445a-a89a-8904e1cf78ea,0 days 01:34:57.520000000,0 days 01:35:03.781666000,0 days 00:00:06.261666000
178,1c6d2a07-e193-445a-a89a-8904e1cf78ea,0 days 01:35:43.026666000,0 days 01:35:43.190000000,0 days 00:00:00.163334000
179,1c6d2a07-e193-445a-a89a-8904e1cf78ea,0 days 01:40:51.628333000,0 days 01:41:02.930000000,0 days 00:00:11.301667000
180,1c6d2a07-e193-445a-a89a-8904e1cf78ea,0 days 01:41:21.570000000,0 days 01:41:21.908333000,0 days 00:00:00.338333000
181,1c6d2a07-e193-445a-a89a-8904e1cf78ea,0 days 01:41:51.188333000,0 days 01:41:51.563333000,0 days 00:00:00.375000000
182,1c6d2a07-e193-445a-a89a-8904e1cf78ea,0 days 01:42:57.671666000,0 days 01:42:59.960000000,0 days 00:00:02.288334000
183,1c6d2a07-e193-445a-a89a-8904e1cf78ea,0 days 01:43:14.350000000,0 days 01:43:20.651666000,0 days 00:00:06.301666000
184,1c6d2a07-e193-445a-a89a-8904e1cf78ea,0 days 01:43:56.896666000,0 days 01:44:04.738333000,0 days 00:00:07.841667000
185,1c6d2a07-e193-445a-a89a-8904e1cf78ea,0 days 01:44:39.023333000,0 days 01:44:41.941666000,0 days 00:00:02.918333000
186,1c6d2a07-e193-445a-a89a-8904e1cf78ea,0 days 01:46:01.771666000,0 days 01:46:13.698333000,0 days 00:00:11.926667000
187,1c6d2a07-e193-445a-a89a-8904e1cf78ea,0 days 01:46:29.383333000,0 days 01:46:58.953333000,0 days 00:00:29.570000000
188,1c6d2a07-e193-445a-a89a-8904e1cf78ea,0 days 01:48:44.768333000,0 days 01:49:00.820000000,0 days 00:00:16.051667000
189,1c6d2a07-e193-445a-a89a-8904e1cf78ea,0 days 01:49:16.966666000,0 days 01:49:22.596666000,0 days 00:00:05.630000000
190,1c6d2a07-e193-445a-a89a-8904e1cf78ea,0 days 01:49:41.491666000,0 days 01:50:11.436666000,0 days 00:00:29.945000000
191,1c6d2a07-e193-445a-a89a-8904e1cf78ea,0 days 01:51:11.248333000,0 days 01:51:14.541666000,0 days 00:00:03.293333000
192,1c6d2a07-e193-445a-a89a-8904e1cf78ea,0 days 01:51:26.900000000,0 days 01:52:11.600000000,0 days 00:00:44.700000000
193,1c6d2a07-e193-445a-a89a-8904e1cf78ea,0 days 01:56:19.600000000,0 days 01:56:33.230000000,0 days 00:00:13.630000000
194,1c6d2a07-e193-445a-a89a-8904e1cf78ea,0 days 01:57:26.200000000,0 days 01:57:37.170000000,0 days 00:00:10.970000000
195,1c6d2a07-e193-445a-a89a-8904e1cf78ea,0 days 01:59:55.311666000,0 days 01:59:56.900000000,0 days 00:00:01.588334000
196,1c6d2a07-e193-445a-a89a-8904e1cf78ea,0 days 02:02:08.821666000,0 days 02:02:12.240000000,0 days 00:00:03.418334000
197,1c6d2a07-e193-445a-a89a-8904e1cf78ea,0 days 02:02:40.686666000,0 days 02:02:50.153333000,0 days 00:00:09.466667000
198,1c6d2a07-e193-445a-a89a-8904e1cf78ea,0 days 02:10:25.901666000,0 days 02:10:33.400000000,0 days 00:00:07.498334000
199,1c6d2a07-e193-445a-a89a-8904e1cf78ea,0 days 02:10:51.300000000,0 days 02:11:18.286666000,0 days 00:00:26.986666000
200,1c6d2a07-e193-445a-a89a-8904e1cf78ea,0 days 02:11:31.466666000,0 days 02:11:44.890000000,0 days 00:00:13.423334000
201,1c6d2a07-e193-445a-a89a-8904e1cf78ea,0 days 02:12:08.293333000,0 days 02:12:29.566666000,0 days 00:00:21.273333000
202,1c6d2a07-e193-445a-a89a-8904e1cf78ea,0 days 02:13:08.646666000,0 days 02:13:12.600000000,0 days 00:00:03.953334000
203,1c6d2a07-e193-445a-a89a-8904e1cf78ea,0 days 02:13:29.330000000,0 days 02:13:35.800000000,0 days 00:00:06.470000000
204,1c6d2a07-e193-445a-a89a-8904e1cf78ea,0 days 02:13:46.970000000,0 days 02:14:07.748333000,0 days 00:00:20.778333000
205,e59d9108-668e-47c0-9ba8-d6fd3e94596f,0 days 01:11:57.400000000,0 days 01:13:21.000000000,0 days 00:01:23.600000000
206,e59d9108-668e-47c0-9ba8-d6fd3e94596f,0 days 01:13:31.323333000,0 days 01:17:03.366666000,0 days 00:03:32.043333000
207,e59d9108-668e-47c0-9ba8-d6fd3e94596f,0 days 01:18:16.560000000,0 days 01:18:26.033333000,0 days 00:00:09.473333000
208,e59d9108-668e-47c0-9ba8-d6fd3e94596f,0 days 01:18:39.381666000,0 days 01:18:42.500000000,0 days 00:00:03.118334000
209,e59d9108-668e-47c0-9ba8-d6fd3e94596f,0 days 01:18:57.148333000,0 days 01:19:00.026666000,0 days 00:00:02.878333000
210,e59d9108-668e-47c0-9ba8-d6fd3e94596f,0 days 01:19:10.578333000,0 days 01:19:23.006666000,0 days 00:00:12.428333000
211,e59d9108-668e-47c0-9ba8-d6fd3e94596f,0 days 01:20:26.028333000,0 days 01:20:29.200000000,0 days 00:00:03.171667000
212,e59d9108-668e-47c0-9ba8-d6fd3e94596f,0 days 01:22:04.543333000,0 days 01:22:11.130000000,0 days 00:00:06.586667000
213,e59d9108-668e-47c0-9ba8-d6fd3e94596f,0 days 01:22:35.200000000,0 days 01:24:17.591666000,0 days 00:01:42.391666000
214,e59d9108-668e-47c0-9ba8-d6fd3e94596f,0 days 01:24:28.700000000,0 days 01:24:49.870000000,0 days 00:00:21.170000000
215,e59d9108-668e-47c0-9ba8-d6fd3e94596f,0 days 01:26:48.953333000,0 days 01:26:55.251666000,0 days 00:00:06.298333000
216,e59d9108-668e-47c0-9ba8-d6fd3e94596f,0 days 01:27:39.293333000,0 days 01:27:41.336666000,0 days 00:00:02.043333000
217,e59d9108-668e-47c0-9ba8-d6fd3e94596f,0 days 01:31:50.750000000,0 days 01:31:53.006666000,0 days 00:00:02.256666000
218,e59d9108-668e-47c0-9ba8-d6fd3e94596f,0 days 02:01:41.830000000,0 days 02:01:44.963333000,0 days 00:00:03.133333000
219,842ac5aa-b4a3-4b78-aeeb-946a74233d49,0 days 00:00:10.010000000,0 days 00:00:12.136666000,0 days 00:00:02.126666000
220,842ac5aa-b4a3-4b78-aeeb-946a74233d49,0 days 00:01:25.668333000,0 days 00:01:26.335000000,0 days 00:00:00.666667000
221,842ac5aa-b4a3-4b78-aeeb-946a74233d49,0 days 00:03:32.128333000,0 days 00:03:42.930000000,0 days 00:00:10.801667000
222,842ac5aa-b4a3-4b78-aeeb-946a74233d49,0 days 00:04:59.215000000,0 days 00:05:01.215000000,0 days 00:00:02.000000000
223,842ac5aa-b4a3-4b78-aeeb-946a74233d49,0 days 00:06:48.741666000,0 days 00:06:48.991666000,0 days 00:00:00.250000000
224,842ac5aa-b4a3-4b78-aeeb-946a74233d49,0 days 00:07:29.448333000,0 days 00:07:31.660000000,0 days 00:00:02.211667000
225,842ac5aa-b4a3-4b78-aeeb-946a74233d49,0 days 00:08:00.186666000,0 days 00:08:00.978333000,0 days 00:00:00.791667000
226,842ac5aa-b4a3-4b78-aeeb-946a74233d49,0 days 00:09:07.670000000,0 days 00:09:10.258333000,0 days 00:00:02.588333000
227,842ac5aa-b4a3-4b78-aeeb-946a74233d49,0 days 00:09:35.365000000,0 days 00:09:44.666666000,0 days 00:00:09.301666000
228,842ac5aa-b4a3-4b78-aeeb-946a74233d49,0 days 00:10:45.228333000,0 days 00:10:46.103333000,0 days 00:00:00.875000000
229,842ac5aa-b4a3-4b78-aeeb-946a74233d49,0 days 00:15:25.925000000,0 days 00:15:27.050000000,0 days 00:00:01.125000000
230,842ac5aa-b4a3-4b78-aeeb-946a74233d49,0 days 00:18:19.265000000,0 days 00:18:47.126666000,0 days 00:00:27.861666000
231,842ac5aa-b4a3-4b78-aeeb-946a74233d49,0 days 00:19:32.088333000,0 days 00:19:32.838333000,0 days 00:00:00.750000000
232,842ac5aa-b4a3-4b78-aeeb-946a74233d49,0 days 00:19:58.821666000,0 days 00:20:06.245000000,0 days 00:00:07.423334000
233,842ac5aa-b4a3-4b78-aeeb-946a74233d49,0 days 00:20:29.185000000,0 days 00:20:29.310000000,0 days 00:00:00.125000000
234,842ac5aa-b4a3-4b78-aeeb-946a74233d49,0 days 00:22:53.705000000,0 days 00:23:21.231666000,0 days 00:00:27.526666000
235,842ac5aa-b4a3-4b78-aeeb-946a74233d49,0 days 00:24:14.453333000,0 days 00:24:14.536666000,0 days 00:00:00.083333000
236,842ac5aa-b4a3-4b78-aeeb-946a74233d49,0 days 00:28:18.780000000,0 days 00:28:33.753333000,0 days 00:00:14.973333000
237,842ac5aa-b4a3-4b78-aeeb-946a74233d49,0 days 00:28:56.608333000,0 days 00:28:59.235000000,0 days 00:00:02.626667000
238,842ac5aa-b4a3-4b78-aeeb-946a74233d49,0 days 00:30:48.263333000,0 days 00:30:50.013333000,0 days 00:00:01.750000000
239,842ac5aa-b4a3-4b78-aeeb-946a74233d49,0 days 00:31:59.083333000,0 days 00:32:02.168333000,0 days 00:00:03.085000000
240,842ac5aa-b4a3-4b78-aeeb-946a74233d49,0 days 00:33:45.356666000,0 days 00:33:49.358333000,0 days 00:00:04.001667000
241,842ac5aa-b4a3-4b78-aeeb-946a74233d49,0 days 00:35:51.148333000,0 days 00:35:52.731666000,0 days 00:00:01.583333000
242,842ac5aa-b4a3-4b78-aeeb-946a74233d49,0 days 00:40:02.983333000,0 days 00:40:05.735000000,0 days 00:00:02.751667000
243,842ac5aa-b4a3-4b78-aeeb-946a74233d49,0 days 00:41:19.183333000,0 days 00:41:21.270000000,0 days 00:00:02.086667000
244,842ac5aa-b4a3-4b78-aeeb-946a74233d49,0 days 00:42:40.181666000,0 days 00:42:51.858333000,0 days 00:00:11.676667000
245,842ac5aa-b4a3-4b78-aeeb-946a74233d49,0 days 00:48:33.743333000,0 days 00:48:43.461666000,0 days 00:00:09.718333000
246,842ac5aa-b4a3-4b78-aeeb-946a74233d49,0 days 00:53:05.348333000,0 days 00:53:07.516666000,0 days 00:00:02.168333000
247,842ac5aa-b4a3-4b78-aeeb-946a74233d49,0 days 00:53:51.601666000,0 days 00:53:53.688333000,0 days 00:00:02.086667000
248,842ac5aa-b4a3-4b78-aeeb-946a74233d49,0 days 00:56:36.643333000,0 days 00:56:38.770000000,0 days 00:00:02.126667000
249,842ac5aa-b4a3-4b78-aeeb-946a74233d49,0 days 00:58:58.868333000,0 days 00:59:01.286666000,0 days 00:00:02.418333000
250,842ac5aa-b4a3-4b78-aeeb-946a74233d49,0 days 00:59:19.305000000,0 days 00:59:21.473333000,0 days 00:00:02.168333000
251,842ac5aa-b4a3-4b78-aeeb-946a74233d49,0 days 01:03:30.890000000,0 days 01:03:33.470000000,0 days 00:00:02.580000000
252,842ac5aa-b4a3-4b78-aeeb-946a74233d49,0 days 01:03:54.580000000,0 days 01:03:54.663333000,0 days 00:00:00.083333000
253,842ac5aa-b4a3-4b78-aeeb-946a74233d49,0 days 01:06:27.400000000,0 days 01:06:29.610000000,0 days 00:00:02.210000000
254,842ac5aa-b4a3-4b78-aeeb-946a74233d49,0 days 01:17:37.776666000,0 days 01:17:42.073333000,0 days 00:00:04.296667000
255,842ac5aa-b4a3-4b78-aeeb-946a74233d49,0 days 01:18:03.011666000,0 days 01:18:05.138333000,0 days 00:00:02.126667000
256,842ac5aa-b4a3-4b78-aeeb-946a74233d49,0 days 01:20:57.500000000,0 days 01:20:58.561666000,0 days 00:00:01.061666000
257,842ac5aa-b4a3-4b78-aeeb-946a74233d49,0 days 01:21:38.476666000,0 days 01:21:39.518333000,0 days 00:00:01.041667000
258,842ac5aa-b4a3-4b78-aeeb-946a74233d49,0 days 01:24:21.346666000,0 days 01:24:21.800000000,0 days 00:00:00.453334000
259,842ac5aa-b4a3-4b78-aeeb-946a74233d49,0 days 01:25:37.716666000,0 days 01:26:06.660000000,0 days 00:00:28.943334000
260,842ac5aa-b4a3-4b78-aeeb-946a74233d49,0 days 01:26:56.418333000,0 days 01:26:57.878333000,0 days 00:00:01.460000000
261,842ac5aa-b4a3-4b78-aeeb-946a74233d49,0 days 01:27:20.401666000,0 days 01:27:23.738333000,0 days 00:00:03.336667000
262,842ac5aa-b4a3-4b78-aeeb-946a74233d49,0 days 01:27:59.356666000,0 days 01:28:08.110000000,0 days 00:00:08.753334000
263,842ac5aa-b4a3-4b78-aeeb-946a74233d49,0 days 01:29:23.441666000,0 days 01:29:25.568333000,0 days 00:00:02.126667000
264,842ac5aa-b4a3-4b78-aeeb-946a74233d49,0 days 01:31:13.170000000,0 days 01:31:15.261666000,0 days 00:00:02.091666000
265,842ac5aa-b4a3-4b78-aeeb-946a74233d49,0 days 01:31:42.663333000,0 days 01:31:42.746666000,0 days 00:00:00.083333000
266,842ac5aa-b4a3-4b78-aeeb-946a74233d49,0 days 01:31:58.553333000,0 days 01:32:18.448333000,0 days 00:00:19.895000000
267,842ac5aa-b4a3-4b78-aeeb-946a74233d49,0 days 01:32:30.168333000,0 days 01:32:41.550000000,0 days 00:00:11.381667000
268,842ac5aa-b4a3-4b78-aeeb-946a74233d49,0 days 01:33:00.741666000,0 days 01:33:01.241666000,0 days 00:00:00.500000000
269,842ac5aa-b4a3-4b78-aeeb-946a74233d49,0 days 01:33:11.330000000,0 days 01:33:18.000000000,0 days 00:00:06.670000000
270,842ac5aa-b4a3-4b78-aeeb-946a74233d49,0 days 01:34:03.340000000,0 days 01:34:19.486666000,0 days 00:00:16.146666000
271,842ac5aa-b4a3-4b78-aeeb-946a74233d49,0 days 01:34:43.000000000,0 days 01:34:54.688333000,0 days 00:00:11.688333000
272,842ac5aa-b4a3-4b78-aeeb-946a74233d49,0 days 01:35:17.080000000,0 days 01:35:34.811666000,0 days 00:00:17.731666000
273,842ac5aa-b4a3-4b78-aeeb-946a74233d49,0 days 01:35:46.781666000,0 days 01:35:47.491666000,0 days 00:00:00.710000000
274,842ac5aa-b4a3-4b78-aeeb-946a74233d49,0 days 01:36:17.521666000,0 days 01:36:33.990000000,0 days 00:00:16.468334000
275,842ac5aa-b4a3-4b78-aeeb-946a74233d49,0 days 01:40:19.846666000,0 days 01:40:20.221666000,0 days 00:00:00.375000000
276,842ac5aa-b4a3-4b78-aeeb-946a74233d49,0 days 01:40:35.028333000,0 days 01:40:54.673333000,0 days 00:00:19.645000000
277,842ac5aa-b4a3-4b78-aeeb-946a74233d49,0 days 01:41:22.116666000,0 days 01:41:27.246666000,0 days 00:00:05.130000000
278,842ac5aa-b4a3-4b78-aeeb-946a74233d49,0 days 01:44:50.283333000,0 days 01:44:58.083333000,0 days 00:00:07.800000000
279,842ac5aa-b4a3-4b78-aeeb-946a74233d49,0 days 01:46:14.030000000,0 days 01:46:22.791666000,0 days 00:00:08.761666000
280,842ac5aa-b4a3-4b78-aeeb-946a74233d49,0 days 01:46:59.100000000,0 days 01:47:01.246666000,0 days 00:00:02.146666000
281,842ac5aa-b4a3-4b78-aeeb-946a74233d49,0 days 01:51:16.753333000,0 days 01:51:18.540000000,0 days 00:00:01.786667000
282,842ac5aa-b4a3-4b78-aeeb-946a74233d49,0 days 01:51:53.200000000,0 days 01:51:54.833333000,0 days 00:00:01.633333000
283,842ac5aa-b4a3-4b78-aeeb-946a74233d49,0 days 01:52:23.486666000,0 days 01:52:26.363333000,0 days 00:00:02.876667000
284,842ac5aa-b4a3-4b78-aeeb-946a74233d49,0 days 01:54:04.500000000,0 days 01:54:16.010000000,0 days 00:00:11.510000000
285,842ac5aa-b4a3-4b78-aeeb-946a74233d49,0 days 01:54:38.121666000,0 days 01:54:46.836666000,0 days 00:00:08.715000000
286,842ac5aa-b4a3-4b78-aeeb-946a74233d49,0 days 01:57:24.453333000,0 days 01:57:25.411666000,0 days 00:00:00.958333000
287,842ac5aa-b4a3-4b78-aeeb-946a74233d49,0 days 01:58:38.028333000,0 days 01:58:45.866666000,0 days 00:00:07.838333000
288,842ac5aa-b4a3-4b78-aeeb-946a74233d49,0 days 02:01:28.198333000,0 days 02:01:29.323333000,0 days 00:00:01.125000000
289,842ac5aa-b4a3-4b78-aeeb-946a74233d49,0 days 02:02:29.381666000,0 days 02:02:33.971666000,0 days 00:00:04.590000000
290,842ac5aa-b4a3-4b78-aeeb-946a74233d49,0 days 02:08:21.566666000,0 days 02:08:21.650000000,0 days 00:00:00.083334000
291,842ac5aa-b4a3-4b78-aeeb-946a74233d49,0 days 02:11:18.828333000,0 days 02:11:21.700000000,0 days 00:00:02.871667000
292,40df9a20-0e9a-4b37-b504-1b156f124a36,0 days 00:02:29.733333000,0 days 00:02:38.781666000,0 days 00:00:09.048333000
293,40df9a20-0e9a-4b37-b504-1b156f124a36,0 days 00:02:54.090000000,0 days 00:03:07.770000000,0 days 00:00:13.680000000
294,40df9a20-0e9a-4b37-b504-1b156f124a36,0 days 00:03:19.198333000,0 days 00:03:29.166666000,0 days 00:00:09.968333000
295,40df9a20-0e9a-4b37-b504-1b156f124a36,0 days 00:04:11.208333000,0 days 00:04:23.095000000,0 days 00:00:11.886667000
296,40df9a20-0e9a-4b37-b504-1b156f124a36,0 days 00:05:52.685000000,0 days 00:06:25.300000000,0 days 00:00:32.615000000
297,40df9a20-0e9a-4b37-b504-1b156f124a36,0 days 00:06:35.561666000,0 days 00:06:36.353333000,0 days 00:00:00.791667000
298,40df9a20-0e9a-4b37-b504-1b156f124a36,0 days 00:06:52.578333000,0 days 00:06:56.123333000,0 days 00:00:03.545000000
299,40df9a20-0e9a-4b37-b504-1b156f124a36,0 days 00:07:14.056666000,0 days 00:07:14.810000000,0 days 00:00:00.753334000
300,40df9a20-0e9a-4b37-b504-1b156f124a36,0 days 00:08:05.691666000,0 days 00:08:06.525000000,0 days 00:00:00.833334000
301,40df9a20-0e9a-4b37-b504-1b156f124a36,0 days 00:08:17.746666000,0 days 00:08:27.881666000,0 days 00:00:10.135000000
302,40df9a20-0e9a-4b37-b504-1b156f124a36,0 days 00:08:41.355000000,0 days 00:09:02.000000000,0 days 00:00:20.645000000
303,40df9a20-0e9a-4b37-b504-1b156f124a36,0 days 00:09:19.558333000,0 days 00:09:20.475000000,0 days 00:00:00.916667000
304,40df9a20-0e9a-4b37-b504-1b156f124a36,0 days 00:09:40.703333000,0 days 00:09:42.996666000,0 days 00:00:02.293333000
305,40df9a20-0e9a-4b37-b504-1b156f124a36,0 days 00:10:12.111666000,0 days 00:10:13.028333000,0 days 00:00:00.916667000
306,40df9a20-0e9a-4b37-b504-1b156f124a36,0 days 00:10:37.386666000,0 days 00:10:38.636666000,0 days 00:00:01.250000000
307,40df9a20-0e9a-4b37-b504-1b156f124a36,0 days 00:10:49.731666000,0 days 00:10:51.985000000,0 days 00:00:02.253334000
308,40df9a20-0e9a-4b37-b504-1b156f124a36,0 days 00:11:05.081666000,0 days 00:11:05.290000000,0 days 00:00:00.208334000
309,40df9a20-0e9a-4b37-b504-1b156f124a36,0 days 00:12:15.191666000,0 days 00:12:20.031666000,0 days 00:00:04.840000000
310,40df9a20-0e9a-4b37-b504-1b156f124a36,0 days 00:33:50.401666000,0 days 00:35:07.146666000,0 days 00:01:16.745000000
311,40df9a20-0e9a-4b37-b504-1b156f124a36,0 days 00:52:15.505000000,0 days 00:52:24.015000000,0 days 00:00:08.510000000
312,40df9a20-0e9a-4b37-b504-1b156f124a36,0 days 00:52:40.073333000,0 days 00:53:26.243333000,0 days 00:00:46.170000000
313,40df9a20-0e9a-4b37-b504-1b156f124a36,0 days 00:53:42.470000000,0 days 00:54:03.656666000,0 days 00:00:21.186666000
314,40df9a20-0e9a-4b37-b504-1b156f124a36,0 days 00:54:22.926666000,0 days 00:54:41.235000000,0 days 00:00:18.308334000
315,40df9a20-0e9a-4b37-b504-1b156f124a36,0 days 00:59:35.488333000,0 days 00:59:39.743333000,0 days 00:00:04.255000000
316,40df9a20-0e9a-4b37-b504-1b156f124a36,0 days 01:04:57.976666000,0 days 01:05:10.650000000,0 days 00:00:12.673334000
317,40df9a20-0e9a-4b37-b504-1b156f124a36,0 days 01:27:41.300000000,0 days 01:27:42.048333000,0 days 00:00:00.748333000
318,40df9a20-0e9a-4b37-b504-1b156f124a36,0 days 01:36:45.506666000,0 days 01:36:48.900000000,0 days 00:00:03.393334000
319,40df9a20-0e9a-4b37-b504-1b156f124a36,0 days 01:41:26.663333000,0 days 01:41:27.246666000,0 days 00:00:00.583333000
320,40df9a20-0e9a-4b37-b504-1b156f124a36,0 days 01:42:13.376666000,0 days 01:42:14.400000000,0 days 00:00:01.023334000
321,40df9a20-0e9a-4b37-b504-1b156f124a36,0 days 02:15:13.021666000,0 days 02:15:51.558333000,0 days 00:00:38.536667000
322,40df9a20-0e9a-4b37-b504-1b156f124a36,0 days 02:16:06.991666000,0 days 02:16:23.258333000,0 days 00:00:16.266667000
323,40df9a20-0e9a-4b37-b504-1b156f124a36,0 days 02:16:36.350000000,0 days 02:17:07.093333000,0 days 00:00:30.743333000
324,1226e56e-b709-4c24-8843-3978ef00a097,0 days 00:11:49.041666000,0 days 00:11:50.710000000,0 days 00:00:01.668334000
325,1226e56e-b709-4c24-8843-3978ef00a097,0 days 00:12:02.511666000,0 days 00:12:03.303333000,0 days 00:00:00.791667000
326,1226e56e-b709-4c24-8843-3978ef00a097,0 days 00:17:30.048333000,0 days 00:17:35.178333000,0 days 00:00:05.130000000
327,1226e56e-b709-4c24-8843-3978ef00a097,0 days 00:21:16.565000000,0 days 00:21:19.486666000,0 days 00:00:02.921666000
328,1226e56e-b709-4c24-8843-3978ef00a097,0 days 00:21:30.288333000,0 days 00:21:34.918333000,0 days 00:00:04.630000000
329,1226e56e-b709-4c24-8843-3978ef00a097,0 days 00:25:57.221666000,0 days 00:26:38.388333000,0 days 00:00:41.166667000
330,1226e56e-b709-4c24-8843-3978ef00a097,0 days 00:26:52.695000000,0 days 00:27:05.331666000,0 days 00:00:12.636666000
331,1226e56e-b709-4c24-8843-3978ef00a097,0 days 00:27:26.395000000,0 days 00:27:42.951666000,0 days 00:00:16.556666000
332,1226e56e-b709-4c24-8843-3978ef00a097,0 days 01:21:30.218333000,0 days 01:22:13.340000000,0 days 00:00:43.121667000
333,1226e56e-b709-4c24-8843-3978ef00a097,0 days 01:22:30.440000000,0 days 01:22:35.200000000,0 days 00:00:04.760000000
334,1226e56e-b709-4c24-8843-3978ef00a097,0 days 01:22:46.878333000,0 days 01:22:49.250000000,0 days 00:00:02.371667000
335,1226e56e-b709-4c24-8843-3978ef00a097,0 days 01:23:00.348333000,0 days 01:23:03.018333000,0 days 00:00:02.670000000
336,1226e56e-b709-4c24-8843-3978ef00a097,0 days 01:23:42.641666000,0 days 01:24:21.346666000,0 days 00:00:38.705000000
337,1226e56e-b709-4c24-8843-3978ef00a097,0 days 01:24:33.358333000,0 days 01:24:34.901666000,0 days 00:00:01.543333000
338,1226e56e-b709-4c24-8843-3978ef00a097,0 days 01:24:49.870000000,0 days 01:24:54.796666000,0 days 00:00:04.926666000
339,1226e56e-b709-4c24-8843-3978ef00a097,0 days 01:25:33.711666000,0 days 01:25:37.213333000,0 days 00:00:03.501667000
340,1226e56e-b709-4c24-8843-3978ef00a097,0 days 01:27:46.261666000,0 days 01:27:59.356666000,0 days 00:00:13.095000000
341,1226e56e-b709-4c24-8843-3978ef00a097,0 days 01:28:10.070000000,0 days 01:28:11.993333000,0 days 00:00:01.923333000
342,1226e56e-b709-4c24-8843-3978ef00a097,0 days 01:34:47.181666000,0 days 01:34:49.056666000,0 days 00:00:01.875000000
343,1226e56e-b709-4c24-8843-3978ef00a097,0 days 01:36:42.503333000,0 days 01:36:45.460000000,0 days 00:00:02.956667000
344,1226e56e-b709-4c24-8843-3978ef00a097,0 days 01:39:06.690000000,0 days 01:39:10.986666000,0 days 00:00:04.296666000
345,1226e56e-b709-4c24-8843-3978ef00a097,0 days 01:39:23.998333000,0 days 01:40:13.710000000,0 days 00:00:49.711667000
346,1226e56e-b709-4c24-8843-3978ef00a097,0 days 01:40:27.600000000,0 days 01:40:50.080000000,0 days 00:00:22.480000000
347,1226e56e-b709-4c24-8843-3978ef00a097,0 days 01:41:56.816666000,0 days 01:41:57.526666000,0 days 00:00:00.710000000
348,1226e56e-b709-4c24-8843-3978ef00a097,0 days 01:42:44.908333000,0 days 01:42:46.326666000,0 days 00:00:01.418333000
349,1226e56e-b709-4c24-8843-3978ef00a097,0 days 01:43:01.841666000,0 days 01:43:07.300000000,0 days 00:00:05.458334000
350,1226e56e-b709-4c24-8843-3978ef00a097,0 days 01:44:11.578333000,0 days 01:44:19.501666000,0 days 00:00:07.923333000
351,1226e56e-b709-4c24-8843-3978ef00a097,0 days 01:47:02.706666000,0 days 01:47:05.501666000,0 days 00:00:02.795000000
352,1226e56e-b709-4c24-8843-3978ef00a097,0 days 01:54:22.900000000,0 days 01:54:36.280000000,0 days 00:00:13.380000000
353,1226e56e-b709-4c24-8843-3978ef00a097,0 days 02:02:03.983333000,0 days 02:02:06.818333000,0 days 00:00:02.835000000
354,a15f5690-b013-4dbf-a08e-fe00821d6492,0 days 00:02:41.411666000,0 days 00:02:43.955000000,0 days 00:00:02.543334000
355,a15f5690-b013-4dbf-a08e-fe00821d6492,0 days 00:04:23.136666000,0 days 00:04:24.055000000,0 days 00:00:00.918334000
356,a15f5690-b013-4dbf-a08e-fe00821d6492,0 days 00:04:59.215000000,0 days 00:05:03.218333000,0 days 00:00:04.003333000
357,a15f5690-b013-4dbf-a08e-fe00821d6492,0 days 00:05:56.021666000,0 days 00:05:57.356666000,0 days 00:00:01.335000000
358,a15f5690-b013-4dbf-a08e-fe00821d6492,0 days 00:07:26.111666000,0 days 00:07:27.613333000,0 days 00:00:01.501667000
359,a15f5690-b013-4dbf-a08e-fe00821d6492,0 days 00:11:30.730000000,0 days 00:11:39.448333000,0 days 00:00:08.718333000
360,a15f5690-b013-4dbf-a08e-fe00821d6492,0 days 00:11:59.008333000,0 days 00:11:59.635000000,0 days 00:00:00.626667000
361,a15f5690-b013-4dbf-a08e-fe00821d6492,0 days 00:12:21.490000000,0 days 00:12:29.996666000,0 days 00:00:08.506666000
362,a15f5690-b013-4dbf-a08e-fe00821d6492,0 days 00:19:43.683333000,0 days 00:20:52.876666000,0 days 00:01:09.193333000
363,a15f5690-b013-4dbf-a08e-fe00821d6492,0 days 00:21:15.273333000,0 days 00:21:16.565000000,0 days 00:00:01.291667000
364,a15f5690-b013-4dbf-a08e-fe00821d6492,0 days 00:28:48.726666000,0 days 00:29:12.250000000,0 days 00:00:23.523334000
365,a15f5690-b013-4dbf-a08e-fe00821d6492,0 days 00:29:34.523333000,0 days 00:29:58.838333000,0 days 00:00:24.315000000
366,a15f5690-b013-4dbf-a08e-fe00821d6492,0 days 00:30:09.681666000,0 days 00:30:19.941666000,0 days 00:00:10.260000000
367,a15f5690-b013-4dbf-a08e-fe00821d6492,0 days 00:32:29.030000000,0 days 00:32:37.246666000,0 days 00:00:08.216666000
368,a15f5690-b013-4dbf-a08e-fe00821d6492,0 days 00:37:01.886666000,0 days 00:37:37.128333000,0 days 00:00:35.241667000
369,a15f5690-b013-4dbf-a08e-fe00821d6492,0 days 00:38:03.738333000,0 days 00:38:28.765000000,0 days 00:00:25.026667000
370,a15f5690-b013-4dbf-a08e-fe00821d6492,0 days 01:20:57.603333000,0 days 01:20:58.561666000,0 days 00:00:00.958333000
371,a15f5690-b013-4dbf-a08e-fe00821d6492,0 days 01:21:12.283333000,0 days 01:21:13.783333000,0 days 00:00:01.500000000
372,a15f5690-b013-4dbf-a08e-fe00821d6492,0 days 01:25:33.711666000,0 days 01:25:36.296666000,0 days 00:00:02.585000000
373,a15f5690-b013-4dbf-a08e-fe00821d6492,0 days 01:27:46.261666000,0 days 01:27:59.356666000,0 days 00:00:13.095000000
374,a15f5690-b013-4dbf-a08e-fe00821d6492,0 days 01:28:10.070000000,0 days 01:28:11.993333000,0 days 00:00:01.923333000
375,a15f5690-b013-4dbf-a08e-fe00821d6492,0 days 01:34:47.181666000,0 days 01:34:57.483333000,0 days 00:00:10.301667000
376,a15f5690-b013-4dbf-a08e-fe00821d6492,0 days 01:36:42.503333000,0 days 01:36:45.460000000,0 days 00:00:02.956667000
377,a15f5690-b013-4dbf-a08e-fe00821d6492,0 days 01:39:29.800000000,0 days 01:39:34.341666000,0 days 00:00:04.541666000
378,a15f5690-b013-4dbf-a08e-fe00821d6492,0 days 01:40:51.628333000,0 days 01:40:52.540000000,0 days 00:00:00.911667000
379,a15f5690-b013-4dbf-a08e-fe00821d6492,0 days 01:41:21.570000000,0 days 01:41:22.491666000,0 days 00:00:00.921666000
380,a15f5690-b013-4dbf-a08e-fe00821d6492,0 days 01:41:51.188333000,0 days 01:41:52.146666000,0 days 00:00:00.958333000
381,a15f5690-b013-4dbf-a08e-fe00821d6492,0 days 01:45:00.711666000,0 days 01:45:20.100000000,0 days 00:00:19.388334000
382,a15f5690-b013-4dbf-a08e-fe00821d6492,0 days 01:45:35.746666000,0 days 01:45:52.340000000,0 days 00:00:16.593334000
383,a15f5690-b013-4dbf-a08e-fe00821d6492,0 days 02:16:58.200000000,0 days 02:17:09.553333000,0 days 00:00:11.353333000
384,6e892ffa-2f07-45b2-b3ad-f143229d651f,0 days 00:04:26.183333000,0 days 00:04:26.558333000,0 days 00:00:00.375000000
385,6e892ffa-2f07-45b2-b3ad-f143229d651f,0 days 00:11:38.615000000,0 days 00:11:39.448333000,0 days 00:00:00.833333000
386,6e892ffa-2f07-45b2-b3ad-f143229d651f,0 days 00:11:59.008333000,0 days 00:11:59.635000000,0 days 00:00:00.626667000
387,6e892ffa-2f07-45b2-b3ad-f143229d651f,0 days 00:12:21.490000000,0 days 00:12:29.996666000,0 days 00:00:08.506666000
388,6e892ffa-2f07-45b2-b3ad-f143229d651f,0 days 00:38:47.825000000,0 days 00:39:16.351666000,0 days 00:00:28.526666000
389,6e892ffa-2f07-45b2-b3ad-f143229d651f,0 days 00:39:39.793333000,0 days 00:39:52.430000000,0 days 00:00:12.636667000
390,6e892ffa-2f07-45b2-b3ad-f143229d651f,0 days 00:40:08.363333000,0 days 00:40:45.233333000,0 days 00:00:36.870000000
391,6e892ffa-2f07-45b2-b3ad-f143229d651f,0 days 00:41:10.675000000,0 days 00:41:19.183333000,0 days 00:00:08.508333000
392,6e892ffa-2f07-45b2-b3ad-f143229d651f,0 days 01:27:02.880000000,0 days 01:27:13.300000000,0 days 00:00:10.420000000
393,6e892ffa-2f07-45b2-b3ad-f143229d651f,0 days 01:28:26.130000000,0 days 01:28:41.523333000,0 days 00:00:15.393333000
394,6e892ffa-2f07-45b2-b3ad-f143229d651f,0 days 01:29:19.000000000,0 days 01:29:37.200000000,0 days 00:00:18.200000000
395,6e892ffa-2f07-45b2-b3ad-f143229d651f,0 days 01:30:23.330000000,0 days 01:30:24.626666000,0 days 00:00:01.296666000
396,6e892ffa-2f07-45b2-b3ad-f143229d651f,0 days 01:30:49.730000000,0 days 01:30:55.281666000,0 days 00:00:05.551666000
397,6e892ffa-2f07-45b2-b3ad-f143229d651f,0 days 01:31:10.881666000,0 days 01:31:13.133333000,0 days 00:00:02.251667000
398,6e892ffa-2f07-45b2-b3ad-f143229d651f,0 days 01:31:29.651666000,0 days 01:31:34.028333000,0 days 00:00:04.376667000
399,6e892ffa-2f07-45b2-b3ad-f143229d651f,0 days 01:31:44.700000000,0 days 01:31:49.086666000,0 days 00:00:04.386666000
400,6e892ffa-2f07-45b2-b3ad-f143229d651f,0 days 01:32:27.041666000,0 days 01:32:49.900000000,0 days 00:00:22.858334000
401,6e892ffa-2f07-45b2-b3ad-f143229d651f,0 days 01:33:07.910000000,0 days 01:33:28.143333000,0 days 00:00:20.233333000
402,6e892ffa-2f07-45b2-b3ad-f143229d651f,0 days 01:34:27.990000000,0 days 01:34:34.208333000,0 days 00:00:06.218333000
403,6e892ffa-2f07-45b2-b3ad-f143229d651f,0 days 01:43:25.031666000,0 days 01:43:47.000000000,0 days 00:00:21.968334000
404,6e892ffa-2f07-45b2-b3ad-f143229d651f,0 days 01:45:00.711666000,0 days 01:45:12.888333000,0 days 00:00:12.176667000
405,6e892ffa-2f07-45b2-b3ad-f143229d651f,0 days 01:45:29.613333000,0 days 01:45:31.531666000,0 days 00:00:01.918333000
406,6e892ffa-2f07-45b2-b3ad-f143229d651f,0 days 01:45:44.378333000,0 days 01:45:45.800000000,0 days 00:00:01.421667000
407,fb8c04a5-efbb-42bc-91eb-f3c07604dc05,0 days 00:17:55.781666000,0 days 00:17:58.368333000,0 days 00:00:02.586667000
408,fb8c04a5-efbb-42bc-91eb-f3c07604dc05,0 days 00:18:52.965000000,0 days 00:19:31.168333000,0 days 00:00:38.203333000
409,fb8c04a5-efbb-42bc-91eb-f3c07604dc05,0 days 00:31:59.083333000,0 days 00:32:02.168333000,0 days 00:00:03.085000000
410,fb8c04a5-efbb-42bc-91eb-f3c07604dc05,0 days 00:32:29.030000000,0 days 00:32:37.163333000,0 days 00:00:08.133333000
411,fb8c04a5-efbb-42bc-91eb-f3c07604dc05,0 days 00:35:23.288333000,0 days 00:35:44.808333000,0 days 00:00:21.520000000
412,fb8c04a5-efbb-42bc-91eb-f3c07604dc05,0 days 00:35:55.653333000,0 days 00:36:10.000000000,0 days 00:00:14.346667000
413,fb8c04a5-efbb-42bc-91eb-f3c07604dc05,0 days 00:36:24.055000000,0 days 00:36:53.876666000,0 days 00:00:29.821666000
414,fb8c04a5-efbb-42bc-91eb-f3c07604dc05,0 days 01:07:26.960000000,0 days 01:08:15.423333000,0 days 00:00:48.463333000
415,fb8c04a5-efbb-42bc-91eb-f3c07604dc05,0 days 01:27:59.560000000,0 days 01:28:10.070000000,0 days 00:00:10.510000000
416,fb8c04a5-efbb-42bc-91eb-f3c07604dc05,0 days 01:36:53.681666000,0 days 01:37:02.900000000,0 days 00:00:09.218334000
417,fb8c04a5-efbb-42bc-91eb-f3c07604dc05,0 days 01:39:46.938333000,0 days 01:39:48.231666000,0 days 00:00:01.293333000
418,fb8c04a5-efbb-42bc-91eb-f3c07604dc05,0 days 01:39:58.700000000,0 days 01:40:00.118333000,0 days 00:00:01.418333000
419,fb8c04a5-efbb-42bc-91eb-f3c07604dc05,0 days 01:41:05.350000000,0 days 01:41:05.720000000,0 days 00:00:00.370000000
420,fb8c04a5-efbb-42bc-91eb-f3c07604dc05,0 days 01:41:30.918333000,0 days 01:41:46.848333000,0 days 00:00:15.930000000
421,fb8c04a5-efbb-42bc-91eb-f3c07604dc05,0 days 01:45:18.728333000,0 days 01:45:44.378333000,0 days 00:00:25.650000000
422,fb8c04a5-efbb-42bc-91eb-f3c07604dc05,0 days 02:17:25.653333000,0 days 02:17:38.541666000,0 days 00:00:12.888333000
423,a69ae937-71d4-48be-92b0-10c87bcbc472,0 days 00:58:44.270000000,0 days 00:59:24.851666000,0 days 00:00:40.581666000
424,a69ae937-71d4-48be-92b0-10c87bcbc472,0 days 00:59:55.758333000,0 days 01:01:03.825000000,0 days 00:01:08.066667000
425,a69ae937-71d4-48be-92b0-10c87bcbc472,0 days 01:01:18.210000000,0 days 01:01:22.301666000,0 days 00:00:04.091666000
426,a69ae937-71d4-48be-92b0-10c87bcbc472,0 days 01:01:32.311666000,0 days 01:03:06.280000000,0 days 00:01:33.968334000
427,4ae7de41-268d-47be-ab25-a8bb632a2134,0 days 00:00:54.805000000,0 days 00:01:02.435000000,0 days 00:00:07.630000000
428,4ae7de41-268d-47be-ab25-a8bb632a2134,0 days 01:42:55.586666000,0 days 01:42:57.600000000,0 days 00:00:02.013334000
429,4ae7de41-268d-47be-ab25-a8bb632a2134,0 days 01:43:07.931666000,0 days 01:43:17.900000000,0 days 00:00:09.968334000
430,14c47fe0-aa7a-4e95-9c94-aa310f4e2aa5,0 days 00:01:40.600000000,0 days 00:01:57.991666000,0 days 00:00:17.391666000
431,14c47fe0-aa7a-4e95-9c94-aa310f4e2aa5,0 days 00:03:10.856666000,0 days 00:03:11.356666000,0 days 00:00:00.500000000
432,14c47fe0-aa7a-4e95-9c94-aa310f4e2aa5,0 days 00:54:13.916666000,0 days 00:54:20.923333000,0 days 00:00:07.006667000
433,14c47fe0-aa7a-4e95-9c94-aa310f4e2aa5,0 days 01:09:02.638333000,0 days 01:09:07.183333000,0 days 00:00:04.545000000
434,14c47fe0-aa7a-4e95-9c94-aa310f4e2aa5,0 days 01:37:08.071666000,0 days 01:37:21.200000000,0 days 00:00:13.128334000
435,ea7301df-ef5f-4758-bc05-a1347d3751fd,0 days 00:02:03.996666000,0 days 00:02:05.041666000,0 days 00:00:01.045000000
436,ea7301df-ef5f-4758-bc05-a1347d3751fd,0 days 00:50:09.006666000,0 days 00:50:11.175000000,0 days 00:00:02.168334000
437,ea7301df-ef5f-4758-bc05-a1347d3751fd,0 days 01:48:36.426666000,0 days 01:48:39.928333000,0 days 00:00:03.501667000
438,ea7301df-ef5f-4758-bc05-a1347d3751fd,0 days 01:49:08.208333000,0 days 01:49:09.458333000,0 days 00:00:01.250000000
439,ea7301df-ef5f-4758-bc05-a1347d3751fd,0 days 01:52:14.811666000,0 days 01:52:17.350000000,0 days 00:00:02.538334000
440,ea7301df-ef5f-4758-bc05-a1347d3751fd,0 days 01:59:09.058333000,0 days 01:59:10.016666000,0 days 00:00:00.958333000
441,ea7301df-ef5f-4758-bc05-a1347d3751fd,0 days 01:59:54.500000000,0 days 01:59:55.186666000,0 days 00:00:00.686666000
442,ea7301df-ef5f-4758-bc05-a1347d3751fd,0 days 02:03:11.880000000,0 days 02:03:30.653333000,0 days 00:00:18.773333000
443,ea7301df-ef5f-4758-bc05-a1347d3751fd,0 days 02:12:18.596666000,0 days 02:12:21.933333000,0 days 00:00:03.336667000
444,1e40e79c-0aa9-4b89-bc7f-6d07cbd3df6c,0 days 00:02:49.336666000,0 days 00:03:02.640000000,0 days 00:00:13.303334000
445,1e40e79c-0aa9-4b89-bc7f-6d07cbd3df6c,0 days 00:21:58.233333000,0 days 00:22:07.491666000,0 days 00:00:09.258333000
446,1e40e79c-0aa9-4b89-bc7f-6d07cbd3df6c,0 days 00:23:03.215000000,0 days 00:23:05.006666000,0 days 00:00:01.791666000
447,1e40e79c-0aa9-4b89-bc7f-6d07cbd3df6c,0 days 00:42:34.885000000,0 days 00:42:51.191666000,0 days 00:00:16.306666000
448,1e40e79c-0aa9-4b89-bc7f-6d07cbd3df6c,0 days 00:01:49.268333000,0 days 00:01:51.396666000,0 days 00:00:02.128333000
449,1e40e79c-0aa9-4b89-bc7f-6d07cbd3df6c,0 days 01:01:02.031666000,0 days 01:01:03.825000000,0 days 00:00:01.793334000
450,1e40e79c-0aa9-4b89-bc7f-6d07cbd3df6c,0 days 01:32:03.601666000,0 days 01:32:17.781666000,0 days 00:00:14.180000000
451,1e40e79c-0aa9-4b89-bc7f-6d07cbd3df6c,0 days 01:33:34.943333000,0 days 01:33:35.401666000,0 days 00:00:00.458333000
452,1e40e79c-0aa9-4b89-bc7f-6d07cbd3df6c,0 days 01:34:17.980000000,0 days 01:34:19.653333000,0 days 00:00:01.673333000
453,1e40e79c-0aa9-4b89-bc7f-6d07cbd3df6c,0 days 01:35:07.368333000,0 days 01:35:13.413333000,0 days 00:00:06.045000000
454,1e40e79c-0aa9-4b89-bc7f-6d07cbd3df6c,0 days 01:35:42.026666000,0 days 01:35:52.286666000,0 days 00:00:10.260000000
455,1e40e79c-0aa9-4b89-bc7f-6d07cbd3df6c,0 days 01:36:05.466666000,0 days 01:36:05.883333000,0 days 00:00:00.416667000
456,1e40e79c-0aa9-4b89-bc7f-6d07cbd3df6c,0 days 01:36:16.771666000,0 days 01:36:17.400000000,0 days 00:00:00.628334000
457,1e40e79c-0aa9-4b89-bc7f-6d07cbd3df6c,0 days 02:02:38.100000000,0 days 02:02:40.686666000,0 days 00:00:02.586666000
458,1e40e79c-0aa9-4b89-bc7f-6d07cbd3df6c,0 days 02:16:32.016666000,0 days 02:16:34.180000000,0 days 00:00:02.163334000
459,83c3371e-ee31-441c-8a9e-4df5c17a04c0,0 days 00:03:11.731666000,0 days 00:03:11.940000000,0 days 00:00:00.208334000
460,83c3371e-ee31-441c-8a9e-4df5c17a04c0,0 days 00:03:27.915000000,0 days 00:03:30.083333000,0 days 00:00:02.168333000
461,83c3371e-ee31-441c-8a9e-4df5c17a04c0,0 days 00:45:27.975000000,0 days 00:45:43.446666000,0 days 00:00:15.471666000
462,83c3371e-ee31-441c-8a9e-4df5c17a04c0,0 days 01:31:40.201666000,0 days 01:31:40.280000000,0 days 00:00:00.078334000
463,eea7f0d4-b538-4f4b-bae1-cfde68e20360,0 days 00:03:26.956666000,0 days 00:03:32.086666000,0 days 00:00:05.130000000
464,eea7f0d4-b538-4f4b-bae1-cfde68e20360,0 days 00:04:16.923333000,0 days 00:04:17.381666000,0 days 00:00:00.458333000
465,eea7f0d4-b538-4f4b-bae1-cfde68e20360,0 days 00:59:04.748333000,0 days 00:59:11.921666000,0 days 00:00:07.173333000
466,c8c249b9-add3-47be-8db0-0c5e83132182,0 days 00:03:31.628333000,0 days 00:03:32.211666000,0 days 00:00:00.583333000
467,c8c249b9-add3-47be-8db0-0c5e83132182,0 days 00:04:03.366666000,0 days 00:04:03.826666000,0 days 00:00:00.460000000
468,c8c249b9-add3-47be-8db0-0c5e83132182,0 days 00:06:48.991666000,0 days 00:06:49.533333000,0 days 00:00:00.541667000
469,c8c249b9-add3-47be-8db0-0c5e83132182,0 days 00:58:15.325000000,0 days 00:58:19.538333000,0 days 00:00:04.213333000
470,c8c249b9-add3-47be-8db0-0c5e83132182,0 days 00:58:30.756666000,0 days 00:58:57.073333000,0 days 00:00:26.316667000
471,c8c249b9-add3-47be-8db0-0c5e83132182,0 days 01:31:40.280000000,0 days 01:31:40.300000000,0 days 00:00:00.020000000
472,7639b4b7-2785-449c-883d-62d3e5891d09,0 days 00:03:49.520000000,0 days 00:03:56.403333000,0 days 00:00:06.883333000
473,7639b4b7-2785-449c-883d-62d3e5891d09,0 days 00:05:13.646666000,0 days 00:05:14.730000000,0 days 00:00:01.083334000
474,7639b4b7-2785-449c-883d-62d3e5891d09,0 days 00:05:44.635000000,0 days 00:05:46.010000000,0 days 00:00:01.375000000
475,7639b4b7-2785-449c-883d-62d3e5891d09,0 days 00:06:24.050000000,0 days 00:06:25.883333000,0 days 00:00:01.833333000
476,7639b4b7-2785-449c-883d-62d3e5891d09,0 days 00:06:38.315000000,0 days 00:06:38.648333000,0 days 00:00:00.333333000
477,7639b4b7-2785-449c-883d-62d3e5891d09,0 days 00:07:37.290000000,0 days 00:07:54.431666000,0 days 00:00:17.141666000
478,7639b4b7-2785-449c-883d-62d3e5891d09,0 days 00:08:04.566666000,0 days 00:08:05.650000000,0 days 00:00:01.083334000
479,7639b4b7-2785-449c-883d-62d3e5891d09,0 days 00:37:12.980000000,0 days 00:37:18.693333000,0 days 00:00:05.713333000
480,7639b4b7-2785-449c-883d-62d3e5891d09,0 days 00:37:30.455000000,0 days 00:37:33.041666000,0 days 00:00:02.586666000
481,7639b4b7-2785-449c-883d-62d3e5891d09,0 days 00:42:34.385000000,0 days 00:42:45.853333000,0 days 00:00:11.468333000
482,7639b4b7-2785-449c-883d-62d3e5891d09,0 days 00:45:15.753333000,0 days 00:45:18.840000000,0 days 00:00:03.086667000
483,7639b4b7-2785-449c-883d-62d3e5891d09,0 days 00:45:44.325000000,0 days 00:45:46.451666000,0 days 00:00:02.126666000
484,8569bcba-3a7f-4f29-8ff2-3f6885b62e57,0 days 00:04:07.915000000,0 days 00:04:08.498333000,0 days 00:00:00.583333000
485,8569bcba-3a7f-4f29-8ff2-3f6885b62e57,0 days 00:42:33.968333000,0 days 00:42:46.188333000,0 days 00:00:12.220000000
486,29780404-5866-4f4c-b008-aafc9ce74df4,0 days 00:09:35.365000000,0 days 00:09:37.533333000,0 days 00:00:02.168333000
487,29780404-5866-4f4c-b008-aafc9ce74df4,0 days 00:22:50.536666000,0 days 00:23:11.556666000,0 days 00:00:21.020000000
488,29780404-5866-4f4c-b008-aafc9ce74df4,0 days 00:42:38.680000000,0 days 00:42:48.021666000,0 days 00:00:09.341666000
489,29780404-5866-4f4c-b008-aafc9ce74df4,0 days 00:58:06.733333000,0 days 00:58:07.483333000,0 days 00:00:00.750000000
490,29780404-5866-4f4c-b008-aafc9ce74df4,0 days 01:28:42.483333000,0 days 01:28:45.980000000,0 days 00:00:03.496667000
491,29780404-5866-4f4c-b008-aafc9ce74df4,0 days 01:32:10.810000000,0 days 01:32:11.356666000,0 days 00:00:00.546666000
492,29780404-5866-4f4c-b008-aafc9ce74df4,0 days 01:32:27.958333000,0 days 01:32:30.876666000,0 days 00:00:02.918333000
493,29780404-5866-4f4c-b008-aafc9ce74df4,0 days 01:34:00.051666000,0 days 01:34:09.470000000,0 days 00:00:09.418334000
494,29780404-5866-4f4c-b008-aafc9ce74df4,0 days 01:35:36.186666000,0 days 01:35:36.646666000,0 days 00:00:00.460000000
495,a19c6866-015c-4cd9-b982-2739914ef26e,0 days 00:11:10.503333000,0 days 00:11:11.961666000,0 days 00:00:01.458333000
496,a19c6866-015c-4cd9-b982-2739914ef26e,0 days 00:11:36.278333000,0 days 00:11:37.820000000,0 days 00:00:01.541667000
497,a19c6866-015c-4cd9-b982-2739914ef26e,0 days 00:11:48.123333000,0 days 00:12:08.185000000,0 days 00:00:20.061667000
498,3da08c19-23be-4493-aa38-5a306141a4f8,0 days 00:18:08.003333000,0 days 00:18:23.810000000,0 days 00:00:15.806667000
499,3da08c19-23be-4493-aa38-5a306141a4f8,0 days 00:18:34.070000000,0 days 00:18:43.413333000,0 days 00:00:09.343333000
500,146fed5a-877c-45ce-a406-bbe21e720f99,0 days 00:20:49.621666000,0 days 00:20:58.296666000,0 days 00:00:08.675000000
501,146fed5a-877c-45ce-a406-bbe21e720f99,0 days 00:50:56.093333000,0 days 00:51:28.585000000,0 days 00:00:32.491667000
502,f7aaea50-9fb5-4ba0-ade3-ce17e2b85930,0 days 00:22:50.536666000,0 days 00:23:11.556666000,0 days 00:00:21.020000000
503,e9631ea9-3147-4409-9209-b3b880d14403,0 days 00:28:16.028333000,0 days 00:28:29.833333000,0 days 00:00:13.805000000
504,e9631ea9-3147-4409-9209-b3b880d14403,0 days 00:48:56.933333000,0 days 00:48:58.475000000,0 days 00:00:01.541667000
505,ead51461-7bdf-4f7b-931b-ec277177e276,0 days 00:31:22.380000000,0 days 00:31:44.025000000,0 days 00:00:21.645000000
506,aa9360c4-0f89-49fd-a157-33aff240bbbb,0 days 00:35:10.565000000,0 days 00:35:16.823333000,0 days 00:00:06.258333000
507,aa9360c4-0f89-49fd-a157-33aff240bbbb,0 days 00:37:04.721666000,0 days 00:37:04.846666000,0 days 00:00:00.125000000
508,aa9360c4-0f89-49fd-a157-33aff240bbbb,0 days 00:42:38.846666000,0 days 00:42:51.858333000,0 days 00:00:13.011667000
509,2adc8a32-af4c-48d3-adf1-d0f179f45218,0 days 00:39:16.393333000,0 days 00:39:39.793333000,0 days 00:00:23.400000000
510,2adc8a32-af4c-48d3-adf1-d0f179f45218,0 days 00:40:02.983333000,0 days 00:40:05.735000000,0 days 00:00:02.751667000
511,2adc8a32-af4c-48d3-adf1-d0f179f45218,0 days 00:40:24.755000000,0 days 00:40:35.975000000,0 days 00:00:11.220000000
512,2adc8a32-af4c-48d3-adf1-d0f179f45218,0 days 00:40:58.413333000,0 days 00:41:06.671666000,0 days 00:00:08.258333000
513,2adc8a32-af4c-48d3-adf1-d0f179f45218,0 days 01:26:20.420000000,0 days 01:26:46.200000000,0 days 00:00:25.780000000
514,2adc8a32-af4c-48d3-adf1-d0f179f45218,0 days 01:26:57.900000000,0 days 01:26:58.290000000,0 days 00:00:00.390000000
515,2adc8a32-af4c-48d3-adf1-d0f179f45218,0 days 01:28:14.700000000,0 days 01:28:17.083333000,0 days 00:00:02.383333000
516,2adc8a32-af4c-48d3-adf1-d0f179f45218,0 days 01:29:23.108333000,0 days 01:29:23.441666000,0 days 00:00:00.333333000
517,2adc8a32-af4c-48d3-adf1-d0f179f45218,0 days 01:30:10.821666000,0 days 01:30:13.031666000,0 days 00:00:02.210000000
518,2adc8a32-af4c-48d3-adf1-d0f179f45218,0 days 01:32:51.733333000,0 days 01:33:02.993333000,0 days 00:00:11.260000000
519,2adc8a32-af4c-48d3-adf1-d0f179f45218,0 days 01:45:16.226666000,0 days 01:45:18.686666000,0 days 00:00:02.460000000
520,2adc8a32-af4c-48d3-adf1-d0f179f45218,0 days 01:45:35.746666000,0 days 01:45:38.081666000,0 days 00:00:02.335000000
521,1d262227-6874-41c2-9028-0a07db92e3d4,0 days 00:42:35.926666000,0 days 00:42:50.025000000,0 days 00:00:14.098334000
522,863969a7-4a56-47d5-8403-caec2ea09dc6,0 days 00:44:08.101666000,0 days 00:44:28.165000000,0 days 00:00:20.063334000
523,863969a7-4a56-47d5-8403-caec2ea09dc6,0 days 00:51:55.780000000,0 days 00:52:03.451666000,0 days 00:00:07.671666000
524,da72993b-75f5-4b96-b793-eabe0bd51177,0 days 00:58:08.691666000,0 days 00:58:30.715000000,0 days 00:00:22.023334000
525,76b29612-e7de-41a3-ad06-bec734c3eeeb,0 days 01:06:29.860000000,0 days 01:06:49.713333000,0 days 00:00:19.853333000
526,48cf2963-cf65-479c-a843-341ccdb1f928,0 days 01:09:52.521666000,0 days 01:09:56.060000000,0 days 00:00:03.538334000
527,48cf2963-cf65-479c-a843-341ccdb1f928,0 days 01:10:10.800000000,0 days 01:10:12.081666000,0 days 00:00:01.281666000
528,48cf2963-cf65-479c-a843-341ccdb1f928,0 days 01:18:26.658333000,0 days 01:18:30.913333000,0 days 00:00:04.255000000
529,48cf2963-cf65-479c-a843-341ccdb1f928,0 days 01:18:42.758333000,0 days 01:18:43.551666000,0 days 00:00:00.793333000
530,48cf2963-cf65-479c-a843-341ccdb1f928,0 days 01:19:31.223333000,0 days 01:19:37.200000000,0 days 00:00:05.976667000
531,5fe24409-e4ba-4215-ae1e-10288e1a3650,0 days 01:13:54.803333000,0 days 01:13:55.971666000,0 days 00:00:01.168333000
532,5fe24409-e4ba-4215-ae1e-10288e1a3650,0 days 01:19:19.500000000,0 days 01:19:51.600000000,0 days 00:00:32.100000000
533,5fe24409-e4ba-4215-ae1e-10288e1a3650,0 days 01:20:15.100000000,0 days 01:20:15.266666000,0 days 00:00:00.166666000
534,5fe24409-e4ba-4215-ae1e-10288e1a3650,0 days 01:32:30.168333000,0 days 01:32:41.550000000,0 days 00:00:11.381667000
535,5fe24409-e4ba-4215-ae1e-10288e1a3650,0 days 01:35:00.651666000,0 days 01:35:01.820000000,0 days 00:00:01.168334000
536,5fe24409-e4ba-4215-ae1e-10288e1a3650,0 days 01:36:58.061666000,0 days 01:37:01.313333000,0 days 00:00:03.251667000
537,5fe24409-e4ba-4215-ae1e-10288e1a3650,0 days 01:39:06.690000000,0 days 01:39:10.986666000,0 days 00:00:04.296666000
538,5fe24409-e4ba-4215-ae1e-10288e1a3650,0 days 01:39:23.998333000,0 days 01:40:13.710000000,0 days 00:00:49.711667000
539,5fe24409-e4ba-4215-ae1e-10288e1a3650,0 days 01:40:27.600000000,0 days 01:40:40.200000000,0 days 00:00:12.600000000
540,5fe24409-e4ba-4215-ae1e-10288e1a3650,0 days 01:49:58.381666000,0 days 01:49:59.591666000,0 days 00:00:01.210000000
541,feb807ed-fc6a-4123-93a9-aba71be78319,0 days 01:17:27.976666000,0 days 01:17:45.451666000,0 days 00:00:17.475000000
542,feb807ed-fc6a-4123-93a9-aba71be78319,0 days 01:18:13.021666000,0 days 01:18:15.106666000,0 days 00:00:02.085000000
543,feb807ed-fc6a-4123-93a9-aba71be78319,0 days 01:18:52.978333000,0 days 01:18:57.106666000,0 days 00:00:04.128333000
544,9e659ff2-bdb7-42b3-8c3c-05b8d7fae364,0 days 01:17:27.976666000,0 days 01:17:42.073333000,0 days 00:00:14.096667000
545,c71d3e76-8385-4557-968f-161f3e334cc3,0 days 01:25:04.098333000,0 days 01:25:24.033333000,0 days 00:00:19.935000000
546,f6e826e2-31e0-4906-9e37-e265a81cf301,0 days 01:27:46.261666000,0 days 01:27:49.596666000,0 days 00:00:03.335000000
547,f6e826e2-31e0-4906-9e37-e265a81cf301,0 days 01:34:52.143333000,0 days 01:35:03.781666000,0 days 00:00:11.638333000
548,f6e826e2-31e0-4906-9e37-e265a81cf301,0 days 01:39:06.690000000,0 days 01:39:10.986666000,0 days 00:00:04.296666000
549,1b6118c7-7a5d-40a5-836d-2b639773ad6c,0 days 01:27:54.351666000,0 days 01:27:56.646666000,0 days 00:00:02.295000000
550,1b6118c7-7a5d-40a5-836d-2b639773ad6c,0 days 01:34:59.526666000,0 days 01:35:01.820000000,0 days 00:00:02.293334000
551,1b6118c7-7a5d-40a5-836d-2b639773ad6c,0 days 01:36:52.056666000,0 days 01:37:01.438333000,0 days 00:00:09.381667000
552,fb85e546-4c5c-47d1-bba1-e42f4b722fd4,0 days 01:36:09.680000000,0 days 01:36:15.430000000,0 days 00:00:05.750000000
553,fb85e546-4c5c-47d1-bba1-e42f4b722fd4,0 days 01:37:37.768333000,0 days 01:37:55.600000000,0 days 00:00:17.831667000
554,fb85e546-4c5c-47d1-bba1-e42f4b722fd4,0 days 01:38:47.838333000,0 days 01:39:03.896666000,0 days 00:00:16.058333000
555,fb85e546-4c5c-47d1-bba1-e42f4b722fd4,0 days 01:40:44.911666000,0 days 01:41:15.651666000,0 days 00:00:30.740000000
556,fb85e546-4c5c-47d1-bba1-e42f4b722fd4,0 days 01:41:32.376666000,0 days 01:41:38.506666000,0 days 00:00:06.130000000
557,fb85e546-4c5c-47d1-bba1-e42f4b722fd4,0 days 01:42:02.533333000,0 days 01:42:06.868333000,0 days 00:00:04.335000000
558,fb85e546-4c5c-47d1-bba1-e42f4b722fd4,0 days 01:42:25.050000000,0 days 01:42:28.800000000,0 days 00:00:03.750000000
559,f0ef4f32-19ae-48c5-bb51-d508706f7c80,0 days 01:36:38.331666000,0 days 01:36:55.720000000,0 days 00:00:17.388334000
560,9079530b-1b80-4ff4-9e95-910a4f450ea4,0 days 01:36:38.331666000,0 days 01:37:01.313333000,0 days 00:00:22.981667000
561,9079530b-1b80-4ff4-9e95-910a4f450ea4,0 days 01:40:00.201666000,0 days 01:40:01.536666000,0 days 00:00:01.335000000
562,e9d86799-87ff-4730-bce1-aa157efafe38,0 days 01:39:23.998333000,0 days 01:40:13.710000000,0 days 00:00:49.711667000
563,e9d86799-87ff-4730-bce1-aa157efafe38,0 days 01:40:27.600000000,0 days 01:40:31.100000000,0 days 00:00:03.500000000
564,e9d86799-87ff-4730-bce1-aa157efafe38,0 days 01:40:54.048333000,0 days 01:40:54.673333000,0 days 00:00:00.625000000
565,962b3b24-d736-4107-b2d6-609ef964d1d8,0 days 01:39:26.416666000,0 days 01:40:13.710000000,0 days 00:00:47.293334000
566,962b3b24-d736-4107-b2d6-609ef964d1d8,0 days 01:40:27.600000000,0 days 01:40:31.100000000,0 days 00:00:03.500000000
567,bbd0fa8a-6910-4645-8a77-4dba69b36053,0 days 01:46:29.383333000,0 days 01:46:59.203333000,0 days 00:00:29.820000000
568,72136721-38fc-429e-a245-f7c3d40198f7,0 days 01:49:02.910000000,0 days 01:49:46.911666000,0 days 00:00:44.001666000
569,72136721-38fc-429e-a245-f7c3d40198f7,0 days 01:49:58.670000000,0 days 01:50:18.778333000,0 days 00:00:20.108333000
570,72136721-38fc-429e-a245-f7c3d40198f7,0 days 01:51:28.931666000,0 days 01:51:37.481666000,0 days 00:00:08.550000000
571,63f40ebc-6e9b-477c-b29f-738c76a25c83,0 days 01:50:37.750000000,0 days 01:50:59.068333000,0 days 00:00:21.318333000
572,63f40ebc-6e9b-477c-b29f-738c76a25c83,0 days 01:53:35.058333000,0 days 01:53:36.558333000,0 days 00:00:01.500000000
573,63f40ebc-6e9b-477c-b29f-738c76a25c83,0 days 01:56:51.250000000,0 days 01:56:52.088333000,0 days 00:00:00.838333000
574,63f40ebc-6e9b-477c-b29f-738c76a25c83,0 days 01:57:05.391666000,0 days 01:57:10.600000000,0 days 00:00:05.208334000
575,63f40ebc-6e9b-477c-b29f-738c76a25c83,0 days 01:59:55.228333000,0 days 01:59:56.900000000,0 days 00:00:01.671667000
576,63f40ebc-6e9b-477c-b29f-738c76a25c83,0 days 02:02:41.640000000,0 days 02:02:49.940000000,0 days 00:00:08.300000000
577,63f40ebc-6e9b-477c-b29f-738c76a25c83,0 days 02:10:49.381666000,0 days 02:10:54.263333000,0 days 00:00:04.881667000
578,63f40ebc-6e9b-477c-b29f-738c76a25c83,0 days 02:13:22.328333000,0 days 02:13:24.746666000,0 days 00:00:02.418333000
579,63f40ebc-6e9b-477c-b29f-738c76a25c83,0 days 02:14:23.900000000,0 days 02:14:29.561666000,0 days 00:00:05.661666000
580,7d1b79a1-b2d5-488c-b7fc-1e447877369f,0 days 01:52:32.411666000,0 days 01:52:46.301666000,0 days 00:00:13.890000000
581,529576f3-6029-4066-ae1c-cb6f3d33effa,0 days 02:07:43.238333000,0 days 02:07:51.788333000,0 days 00:00:08.550000000
582,529576f3-6029-4066-ae1c-cb6f3d33effa,0 days 02:08:04.093333000,0 days 02:08:06.095000000,0 days 00:00:02.001667000
583,529576f3-6029-4066-ae1c-cb6f3d33effa,0 days 02:08:23.190000000,0 days 02:08:23.440000000,0 days 00:00:00.250000000
584,529576f3-6029-4066-ae1c-cb6f3d33effa,0 days 02:08:35.620000000,0 days 02:08:43.046666000,0 days 00:00:07.426666000
585,529576f3-6029-4066-ae1c-cb6f3d33effa,0 days 02:10:33.531666000,0 days 02:11:12.150000000,0 days 00:00:38.618334000
586,529576f3-6029-4066-ae1c-cb6f3d33effa,0 days 02:11:23.208333000,0 days 02:12:14.633333000,0 days 00:00:51.425000000
587,09069ec9-5e12-472e-91c7-4eb0e3e586e1,0 days 02:12:37.533333000,0 days 02:13:00.096666000,0 days 00:00:22.563333000
